{
    "user1":[35.137612,136.889264],
    "user2":[35.176285,136.880314]
}